,ID,Name,Place Type,Attitude,Thoughts,CF1,CF2,CF3,CF4,CF5
0,DE1_PR11,Mittlerer Oberrhein - Baden-Württemberg,2_planning_regions,potentially positive,"Die Analyse basierend auf Zeitungsnachrichten zeigt, dass ein Kriterienkatalog für FFPV vorhanden ist, was auf eine positive Einstellung hindeutet. Die Flächennutzungspläne sind jedoch unklar, und es gibt keine weiteren Informationen zu Klimaschutzmanagern, Projekten oder Statements. Die detaillierte Webrecherche lieferte keine zusätzlichen Informationen.",yes,not clear,N/A,N/A,N/A
1,DE9_PR34,Northeim - Niedersachsen,2_planning_regions,very positive,"Die Stadt Northeim zeigt eine sehr positive Einstellung zu FFPV, da sie sowohl einen Kriterienkatalog entwickelt als auch in Freiflächen-Photovoltaikanlagen investiert hat. Diese Maßnahmen deuten auf eine aktive und unterstützende Haltung hin.",yes,yes,N/A,Die Stadt Northeim zeigt durch die Planung und den Ausbau von Freiflächen-Photovoltaikanlagen sowie durch die Entwicklung eines Kriterienkatalogs für geeignete PV-Flächen eine aktive Beteiligung an Projekten zu FFPV.,N/A
2,DEA_PR03,Arnsberg - Nordrhein-Westfalen,2_planning_regions,negative,"Da alle Klassifizierungsmerkmale mit 'N/A' bewertet wurden, gibt es keine klaren Hinweise auf eine positive oder negative Einstellung des Ortes zu FFPV. Gemäß den Regeln ist in solchen Fällen eine negative Einstellung zu klassifizieren.",N/A,N/A,N/A,N/A,N/A
3,DE1_PR05,Nordschwarzwald - Baden-Württemberg,2_planning_regions,potentially positive,"Die Analyse zeigt, dass ein Kriterienkatalog für FFPV vorhanden ist, was auf eine positive Einstellung hindeutet. Die Unklarheit bezüglich des Flächennutzungsplans und das Fehlen weiterer Informationen machen es jedoch schwierig, eine eindeutig positive Haltung zu bestätigen. Daher würde ich die Einstellung als potenziell positiv einstufen.",yes,not clear,N/A,N/A,N/A
4,DE3_PR01,Berlin - Berlin,2_planning_regions,very positive,"Die Analysen deuten darauf hin, dass der Ort eine sehr positive Einstellung zu FFPV hat. Die Existenz eines Kriterienkatalogs und eines Flächennutzungsplans, die beide FFPV betreffen, zeigt, dass sich die Kommune aktiv mit dem Thema auseinandersetzt und Planungssicherheit für Projektentwickler schafft.",yes,yes,N/A,N/A,N/A
5,DE9_PR24,Hildesheim - Niedersachsen,2_planning_regions,negative,"Die Analysen liefern sehr begrenzte Informationen über die Einstellung des Ortes zu FFPV. Es gibt keine klaren positiven Indikatoren, und die einzige verfügbare Information (CF2) ist nicht eindeutig. Dies lässt darauf schließen, dass es möglicherweise eine Auseinandersetzung mit dem Thema gibt, aber keine ausreichenden Beweise für eine positive Haltung vorhanden sind.",N/A,not clear,N/A,N/A,N/A
6,DE9_PR20,Rotenburg (Wümme) - Niedersachsen,2_planning_regions,very positive,"Die Analysen deuten auf eine positive Einstellung des Ortes zu FFPV hin. Die Existenz eines Kriterienkatalogs für FFPV und die Anstellung eines Klimaschutzmanagers sind klare Indikatoren für eine positive Haltung. Obwohl einige Informationen nicht klar sind oder fehlen, überwiegen die positiven Signale.",yes,not clear,yes,N/A,N/A
7,DE9_PR01,Zweckverband Großraum Braunschweig - Niedersachsen,2_planning_regions,very positive,"Die Analysen deuten darauf hin, dass die Einstellung des Ortes gegenüber FFPV sehr positiv ist. Die Existenz eines Kriterienkatalogs für FFPV und positive Statements zu FFPV oder Klimaschutz zeigen, dass sich der Ort aktiv mit dem Thema auseinandersetzt und Planungssicherheit für Projektentwickler bietet.",yes,N/A,N/A,N/A,yes
8,DE9_PR35,Diepholz - Niedersachsen,2_planning_regions,very positive,"Die Analysen zeigen, dass in Diepholz ein Kriterienkatalog für FFPV existiert, ein Klimaschutzmanager beschäftigt wird und positive Aussagen zum Klimaschutz vorhanden sind. Dies deutet auf eine sehr positive Einstellung gegenüber FFPV hin.",yes,N/A,yes,N/A,yes
9,DE9_PR36,Göttingen - Niedersachsen,2_planning_regions,negative,"Die Analysen liefern sehr begrenzte Informationen über die Einstellung des Ortes zu FFPV. Es gibt eine unklare Angabe bezüglich des Kriterienkatalogs FFPV, aber keine weiteren Informationen zu anderen relevanten Klassifizierungsmerkmalen. Dies lässt keine eindeutige Schlussfolgerung zu, ob der Ort eine positive oder negative Haltung zu FFPV hat.",not clear,N/A,N/A,N/A,N/A
10,DED_PR04,Leipzig-Westsachsen - Sachsen,2_planning_regions,potentially positive,"Die Analysen zeigen, dass es vergangene und laufende Projekte zu FFPV gibt und Statements zu FFPV oder Klimaschutz vorhanden sind, was auf eine Auseinandersetzung mit dem Thema hindeutet. Allerdings gibt es keinen Klimaschutzmanager, was auf eine weniger aktive Rolle der Kommune im Bereich Klimaschutz schließen lässt. Insgesamt deuten die Informationen auf eine potenziell positive Einstellung hin, jedoch mit Einschränkungen.",N/A,N/A,no,yes,yes
11,DE1_PR12,Rhein-Neckar - Baden-Württemberg,2_planning_regions,potentially positive,"Die Analysen deuten darauf hin, dass die Einstellung des Ortes gegenüber FFPV potenziell positiv ist. Die Existenz eines Kriterienkatalogs für FFPV und positive Statements zu FFPV oder Klimaschutz zeigen ein Interesse und eine Auseinandersetzung mit dem Thema. Die Unklarheit bei CF2 und das Fehlen von Informationen zu CF3 und CF4 verhindern jedoch eine eindeutige Klassifizierung als 'sehr positiv'.",yes,not clear,N/A,N/A,yes
12,DE9_PR26,Nienburg/Weser - Niedersachsen,2_planning_regions,potentially positive,"Die Analyse zeigt, dass ein Kriterienkatalog für FFPV vorhanden ist, was auf eine positive Einstellung hindeutet. Die Unklarheit bezüglich des Flächennutzungsplans und das Fehlen weiterer Informationen machen es jedoch schwierig, eine eindeutig positive Haltung zu bestätigen. Daher würde ich die Einstellung als potenziell positiv einstufen.",yes,not clear,N/A,N/A,N/A
13,DE2_PR07,Landshut - Bayern,2_planning_regions,potentially positive,"Die Analyse zeigt, dass die Kommune einen Klimaschutzmanager beschäftigt, was auf eine positive Einstellung zu FFPV hindeutet. Da jedoch keine weiteren Informationen zu Kriterienkatalogen, Flächennutzungsplänen, Projekten oder Statements vorliegen, ist die Gesamteinstellung nicht eindeutig positiv zu bewerten. Es deutet auf eine potenziell positive Einstellung hin, aber es fehlen klare Beweise für eine sehr positive Haltung.",N/A,N/A,yes,N/A,N/A
14,DE1_PR01,Südlicher Oberrhein - Baden-Württemberg,2_planning_regions,very positive,"Die Analyse der Zeitungsartikel zeigt eine sehr positive Einstellung der Region Südlicher Oberrhein - Baden-Württemberg gegenüber FFPV. Es gibt klare Anzeichen für aktive Bemühungen und Unterstützung im Bereich der erneuerbaren Energien, insbesondere der Solarenergie, durch die Planung und Genehmigung von Projekten sowie die Entwicklung unterstützender Maßnahmen und Statements.",yes,yes,N/A,"In den Dokumenten werden verschiedene Projekte und Planungen für Freiflächen-Photovoltaikanlagen (FFPV) in der Region Südlicher Oberrhein - Baden-Württemberg beschrieben. Dies zeigt, dass in der Region aktive Bemühungen im Bereich der erneuerbaren Energien, insbesondere der Solarenergie, unternommen werden. Die Projekte umfassen sowohl die Planung und Genehmigung von neuen Anlagen als auch die Entwicklung von Kriterienkatalogen und Flächennutzungsplänen, die den Ausbau von FFPV unterstützen.","Die Dokumente enthalten positive Statements und Maßnahmen zur Förderung von FFPV und Klimaschutz in der Region Südlicher Oberrhein - Baden-Württemberg. Es wird deutlich, dass sowohl die Stadtverwaltungen als auch die Regionalverbände sich mit dem Thema auseinandersetzen und konkrete Schritte zur Förderung erneuerbarer Energien unternehmen."
15,DE9_PR37,Wittmund - Niedersachsen,2_planning_regions,negative,"Da alle Klassifizierungsmerkmale mit 'N/A' bewertet wurden, liegen keine Informationen vor, die auf eine positive oder negative Einstellung des Ortes zu FFPV schließen lassen. Daher muss die Einstellung als negativ klassifiziert werden.",N/A,N/A,N/A,N/A,N/A
16,DE9_PR12,Friesland - Niedersachsen,2_planning_regions,very positive,"Die Analysen zeigen eine positive Einstellung gegenüber FFPV. Die Existenz eines Kriterienkatalogs, eines Klimaschutzmanagers und positiver Statements zu FFPV oder Klimaschutz deuten darauf hin, dass die Kommune FFPV unterstützt und sich aktiv damit auseinandersetzt. Die zweite Analyse ist zwar weniger eindeutig, aber die positiven Indikatoren aus der ersten Analyse überwiegen.",yes,N/A,yes,N/A,yes
17,DE9_PR28,Harburg - Niedersachsen,2_planning_regions,potentially positive,"Die Analysen liefern gemischte Signale bezüglich der Einstellung des Ortes zu FFPV. Während keine klaren Informationen über Kriterienkataloge, Flächennutzungspläne oder Klimaschutzmanager vorliegen, gibt es Hinweise auf vergangene oder laufende Projekte zu FFPV. Dies könnte auf eine potenziell positive Einstellung hindeuten, jedoch ist die Datenlage insgesamt zu unklar, um eine eindeutig positive Haltung zu bestätigen.",N/A,N/A,N/A,yes,N/A
18,DE8_PR02,Rostock - Mecklenburg-Vorpommern,2_planning_regions,potentially positive,"Die Analyse basierend auf Zeitungsberichten zeigt, dass ein Kriterienkatalog für FFPV vorhanden ist, was auf eine positive Einstellung hinweist. Die detaillierte Webrecherche liefert jedoch keine weiteren Informationen. Aufgrund des vorhandenen Kriterienkatalogs kann eine tendenziell positive Einstellung angenommen werden, obwohl weitere Informationen fehlen.",yes,N/A,N/A,N/A,N/A
19,DEG_PR03,Ostthüringen - Thüringen,2_planning_regions,very positive,"Die Analysen zeigen, dass ein Kriterienkatalog und ein Flächennutzungsplan für FFPV vorhanden sind, was auf eine sehr positive Einstellung hinweist. Es gibt keine Informationen über Klimaschutzmanager, vergangene oder laufende Projekte und Statements zu FFPV, was die Bewertung nicht negativ beeinflusst.",yes,yes,N/A,N/A,N/A
20,DE2_PR15,Oberpfalz-Nord - Bayern,2_planning_regions,very positive,"Die Analysen zeigen, dass ein Kriterienkatalog für FFPV vorhanden ist, ein Klimaschutzmanager eingestellt wurde und positive Statements zu FFPV oder Klimaschutz existieren. Diese Faktoren deuten auf eine sehr positive Einstellung des Ortes gegenüber FFPV hin. Die zweite Analyse liefert keine zusätzlichen Informationen, aber die vorhandenen Daten sind ausreichend, um eine sehr positive Haltung zu bestätigen.",yes,N/A,yes,N/A,yes
21,DE9_PR21,Heidekreis - Niedersachsen,2_planning_regions,negative,"Da alle Klassifizierungsmerkmale mit 'N/A' bewertet wurden, gibt es keine klaren Hinweise auf eine positive oder negative Einstellung des Ortes zu FFPV. Dies führt zu einer Einstufung als 'negative', da ohne positive Informationen eine positive Einstellung nicht angenommen werden kann.",N/A,N/A,N/A,N/A,N/A
22,DE5_PR01,Bremen - Bremen,2_planning_regions,potentially positive,"Die Analyse basierend auf Zeitungsartikeln zeigt, dass ein Kriterienkatalog für FFPV vorhanden ist, was auf eine positive Einstellung hinweist. Die detaillierte Webrecherche liefert jedoch keine weiteren Informationen. Dies deutet darauf hin, dass die Einstellung gegenüber FFPV potenziell positiv ist, aber nicht ausreichend Informationen für eine eindeutige Klassifizierung als 'sehr positiv' vorhanden sind.",yes,N/A,N/A,N/A,N/A
23,DE2_PR01,Allgäu - Bayern,2_planning_regions,very positive,"Die Analysen deuten auf eine sehr positive Einstellung des Ortes gegenüber FFPV hin. Die Existenz eines Kriterienkatalogs für FFPV, eines Klimaschutzmanagers und positiver Statements zu FFPV oder Klimaschutz zeigen, dass der Ort sich aktiv mit dem Thema auseinandersetzt und es unterstützt. Dies bietet Projektentwicklern für erneuerbare Energieprojekte eine gute Planungssicherheit.",yes,N/A,yes,N/A,yes
24,DE2_AU1203,Bodenwöhr,4_administrative_units,negative,"Da alle Klassifizierungsmerkmale mit 'N/A' bewertet wurden, liegen keine Informationen vor, die auf eine positive oder negative Einstellung des Ortes zu FFPV schließen lassen. Daher muss die Einstellung als negativ klassifiziert werden, da keine positiven Informationen vorhanden sind.",N/A,N/A,N/A,N/A,N/A
25,DE4_PR01,Lausitz-Spreewald - Brandenburg,2_planning_regions,very positive,"Die Analysen deuten darauf hin, dass der Ort eine positive Einstellung zu FFPV hat. Die Existenz eines Kriterienkatalogs für FFPV und positive Statements zu FFPV oder Klimaschutz zeigen, dass sich der Ort aktiv mit dem Thema auseinandersetzt und Planungssicherheit für Projektentwickler bietet. Obwohl die zweite Analyse keine zusätzlichen Informationen liefert, unterstützen die Ergebnisse der ersten Analyse eine sehr positive Einstellung.",yes,N/A,N/A,N/A,yes
26,DE2_AU1188,Bernhardswald,4_administrative_units,potentially positive,"Die Analyse zeigt, dass die Einstellung des Ortes zu FFPV potenziell positiv ist, da ein Klimaschutzmanager vorhanden ist, was auf eine positive Haltung hinweist. Da jedoch keine weiteren Informationen zu Kriterienkatalogen, Flächennutzungsplänen, Projekten oder Statements vorliegen, ist es schwierig, eine eindeutig positive Einstellung zu bestätigen.",N/A,N/A,yes,N/A,N/A
27,DE2_PR11,Bayerischer Untermain - Bayern,2_planning_regions,potentially positive,"Die Analyse zeigt, dass ein Kriterienkatalog für FFPV vorhanden ist, was auf eine positive Einstellung hindeutet. Die Unklarheit bezüglich des Flächennutzungsplans lässt jedoch Zweifel an der vollständigen Unterstützung für FFPV. Da keine weiteren Informationen verfügbar sind, ist die Einstellung potenziell positiv.",yes,not clear,N/A,N/A,N/A
28,DE2_AU1054,Mauern,4_administrative_units,negative,"Da alle Klassifizierungsmerkmale mit 'N/A' bewertet wurden, liegen keine ausreichenden Informationen vor, um eine positive Einstellung zur FFPV zu belegen. Daher muss die Einstellung als negativ klassifiziert werden.",N/A,N/A,N/A,N/A,N/A
29,DE9_AU0078,Wangerland,4_administrative_units,negative,"Die Analysen liefern sehr wenige Informationen über die Einstellung des Ortes zu FFPV. Die einzige verfügbare Information ist, dass kein Klimaschutzmanager vorhanden ist, was auf eine eher negative oder neutrale Haltung hinweist. Da keine weiteren positiven Informationen vorliegen, ist es schwierig, eine positive Einstellung zu FFPV zu erkennen.",N/A,N/A,no,N/A,N/A
30,DEG_AU0146,Dornburg-Camburg,4_administrative_units,potentially positive,"Die Analyse zeigt, dass ein Kriterienkatalog für FFPV vorhanden ist, was auf eine positive Einstellung hinweist. Allerdings gibt es keinen Klimaschutzmanager, was auf eine weniger aktive Rolle im Bereich Klimaschutz schließen lässt. Da keine weiteren Informationen vorliegen, ist die Einstellung als potenziell positiv zu bewerten.",yes,N/A,no,N/A,N/A
31,DE2_AU0005,Alzenau,4_administrative_units,negative,"Da alle Klassifizierungsmerkmale mit 'N/A' bewertet wurden, gibt es keine klaren Hinweise auf eine positive oder negative Einstellung des Ortes zu FFPV. Dies führt zu einer Klassifizierung als 'negative'.",N/A,N/A,N/A,N/A,N/A
32,DED_AU0035,Neumark,4_administrative_units,negative,"Da alle Klassifizierungsmerkmale mit 'N/A' bewertet wurden, liegen keine Informationen vor, die auf eine positive oder negative Einstellung des Ortes zu FFPV schließen lassen. Daher muss die Einstellung als negativ klassifiziert werden.",N/A,N/A,N/A,N/A,N/A
33,DE2_AU0713,Andechs,4_administrative_units,negative,"Die Analysen liefern sehr wenige Informationen über die Einstellung des Ortes zu FFPV. Das einzige klare Indiz ist das Fehlen eines Klimaschutzmanagers, was auf eine möglicherweise negative Haltung hinweist. Da keine weiteren positiven Informationen vorliegen, ist es schwierig, eine positive Einstellung zu bestätigen.",N/A,N/A,no,N/A,N/A
34,DE9_AU0361,Suderburg,4_administrative_units,negative,"Da alle Klassifizierungsmerkmale mit 'N/A' bewertet wurden, liegen keine ausreichenden Informationen vor, um eine positive Einstellung zur FFPV zu belegen. Daher muss die Einstellung als negativ klassifiziert werden.",N/A,N/A,N/A,N/A,N/A
35,DE1_AU0024,Steinen,4_administrative_units,potentially positive,"Die Analysen deuten darauf hin, dass die Einstellung des Ortes gegenüber FFPV positiv ist. Die Existenz eines Kriterienkatalogs für FFPV und vergangene sowie laufende Projekte zu FFPV sind klare Indikatoren für eine positive Haltung. Obwohl einige Informationen fehlen, legen die vorhandenen Daten nahe, dass der Ort eine positive Einstellung zu FFPV hat.",yes,N/A,N/A,yes,N/A
36,DEA_AU0202,Dortmund,4_administrative_units,very positive,"Die Analyse zeigt, dass Dortmund eine positive Einstellung gegenüber FFPV hat. Die Stadt hat einen Kriterienkatalog für FFPV veröffentlicht und macht positive Aussagen zum Klimaschutz, was auf eine aktive Auseinandersetzung mit dem Thema hindeutet. Es gibt keine negativen Indikatoren.",yes,N/A,N/A,N/A,"Positive statements like ""Die Stadt strebt an, ihre Treibhausgasemissionen bis 2035 auf null zu reduzieren, allerdings wird eine Reduktion um 86 Prozent aufgrund der Bilanzierungsmethode als realistischer angesehen."" zeigen, dass sich Dortmund aktiv mit Klimaschutz und der Förderung von FFPV auseinandersetzt."
37,DEA_AU0121,Rheinbach,4_administrative_units,potentially positive,"Die Analysen zeigen, dass es vergangene und laufende Projekte zu FFPV gibt und dass Statements zu FFPV oder Klimaschutz vorhanden sind. Dies deutet auf eine Auseinandersetzung mit dem Thema hin. Allerdings fehlen Informationen zu spezifischen Regelwerken oder Plänen, die eine noch positivere Einstellung anzeigen würden.",N/A,N/A,N/A,yes,yes
38,DE2_AU1270,Obing,4_administrative_units,potentially positive,"Die Analyse zeigt, dass ein Kriterienkatalog für FFPV vorhanden ist, was sehr positiv zu bewerten ist. Allerdings ist die Situation bezüglich des Flächennutzungsplans unklar und es gibt keinen Klimaschutzmanager, was auf eine weniger aktive Auseinandersetzung mit dem Thema hindeutet. Da keine Informationen über vergangene oder laufende Projekte sowie Statements zu FFPV oder Klimaschutz vorliegen, lässt sich keine eindeutig sehr positive Einstellung feststellen.",yes,not clear,no,N/A,N/A
39,DE9_AU0105,Bakum,4_administrative_units,negative,"Da alle Klassifizierungsmerkmale mit 'N/A' bewertet wurden, gibt es keine ausreichenden Informationen, um eine positive Einstellung gegenüber FFPV zu belegen. Dies führt zu einer negativen Einstufung.",N/A,N/A,N/A,N/A,N/A
40,DE1_AU0070,Baden-Baden,4_administrative_units,negative,"Da alle Klassifizierungsmerkmale mit 'N/A' bewertet wurden, liegen keine ausreichenden Informationen vor, um eine positive Einstellung zur FFPV zu belegen. Dies führt zu einer negativen Einstufung.",N/A,N/A,N/A,N/A,N/A
41,DE2_AU1347,Winhöring,4_administrative_units,negative,"Die Analysen liefern keine Informationen zu den meisten Klassifizierungsmerkmalen. Das einzige vorhandene Merkmal (CF3) deutet auf eine negative Einstellung hin, da kein Klimaschutzmanager vorhanden ist. Dies lässt auf eine mangelnde Auseinandersetzung mit dem Thema FFPV schließen.",N/A,N/A,no,N/A,N/A
42,DE2_AU0273,Offingen,4_administrative_units,negative,"Die Analysen liefern sehr wenige Informationen über die Einstellung des Ortes zu FFPV. Das einzige klare Signal ist das Fehlen eines Klimaschutzmanagers, was auf eine möglicherweise negative Haltung hinweist. Da keine weiteren positiven Informationen vorliegen, ist es schwierig, eine positive Einstellung zu bestätigen.",N/A,N/A,no,N/A,N/A
43,DE2_AU0852,Manching,4_administrative_units,negative,"Da alle Klassifizierungsmerkmale mit 'N/A' bewertet wurden, gibt es keine klaren Hinweise auf eine positive oder negative Einstellung des Ortes zu FFPV. Dies führt zu einer Klassifizierung als 'negative'.",N/A,N/A,N/A,N/A,N/A
44,DE4_AU0097,Elsterland,4_administrative_units,negative,"Da alle Klassifizierungsmerkmale mit 'N/A' bewertet wurden, liegen keine ausreichenden Informationen vor, um eine positive Einstellung gegenüber FFPV zu belegen. Dies führt zu einer Einstufung als 'negativ'.",N/A,N/A,N/A,N/A,N/A
45,DE2_AU0815,Glashüttener Forst,4_administrative_units,negative,"Die Analysen liefern sehr wenige Informationen über die Einstellung des Ortes zu FFPV. Die einzige klare Information ist, dass kein Klimaschutzmanager vorhanden ist, was auf eine eher negative Haltung hinweist. Da keine weiteren positiven Informationen vorliegen, ist die Einstellung wahrscheinlich negativ.",N/A,N/A,no,N/A,N/A
46,DE2_AU0349,Höchstädt a.d. Donau,4_administrative_units,negative,"Die Analysen liefern keine ausreichenden Informationen, die auf eine positive Einstellung zur FFPV hindeuten. Das Fehlen eines Klimaschutzmanagers deutet eher auf eine negative Haltung hin.",N/A,N/A,no,N/A,N/A
47,DE2_AU0340,Dillingen a.d. Donau,4_administrative_units,negative,"Da alle Klassifizierungsmerkmale mit 'N/A' bewertet wurden, liegen keine ausreichenden Informationen vor, um eine positive Einstellung gegenüber FFPV zu belegen. Dies führt zu einer negativen Einstufung.",N/A,N/A,N/A,N/A,N/A
48,DE9_AU0268,Elze,4_administrative_units,potentially positive,"Die erste Analyse liefert keine Informationen, während die zweite Analyse zeigt, dass ein Kriterienkatalog für FFPV vorhanden ist, aber kein Klimaschutzmanager. Dies deutet auf eine gewisse Auseinandersetzung mit dem Thema FFPV hin, jedoch fehlen weitere positive Indikatoren für eine eindeutig positive Einstellung.",N/A,N/A,N/A,N/A,N/A
49,DE9_AU0412,Königslutter,4_administrative_units,negative,"Da alle Klassifizierungsmerkmale mit 'N/A' bewertet wurden, liegen keine ausreichenden Informationen vor, um eine positive Einstellung gegenüber FFPV zu belegen. Dies führt zu einer Einstufung als 'negativ'.",N/A,N/A,N/A,N/A,N/A
50,DEF_AU0017,Kirchspielslandgemeinde Heider Umland,4_administrative_units,potentially positive,"Die Analyse zeigt, dass ein Kriterienkatalog für FFPV vorhanden ist, was auf eine positive Einstellung hinweist. Da keine weiteren Informationen vorliegen, ist es schwierig, eine eindeutige Haltung zu bestimmen. Die Existenz eines Kriterienkatalogs allein ist jedoch ein positives Zeichen.",yes,N/A,N/A,N/A,N/A
51,DE2_AU1364,Miltach,4_administrative_units,negative,"Die Analysen liefern sehr begrenzte Informationen über die Einstellung des Ortes zu FFPV. Der Kriterienkatalog FFPV ist nicht klar definiert, und es gibt keine weiteren Informationen zu den anderen Klassifizierungsmerkmalen. Dies lässt darauf schließen, dass es möglicherweise eine Auseinandersetzung mit dem Thema gibt, aber es ist nicht ausreichend, um eine positive Einstellung zu bestätigen.",not clear,N/A,N/A,N/A,N/A
52,DE1_AU0316,Mengen,4_administrative_units,negative,"Die Analysen liefern keine konkreten Informationen zu den Klassifizierungsmerkmalen, was darauf hindeutet, dass es zu wenige positive Informationen gibt, um eine positive Einstellung zur FFPV zu belegen. Daher ist die Einstellung als negativ zu klassifizieren.",N/A,N/A,N/A,N/A,N/A
53,DE1_AU0297,Marbach am Neckar,4_administrative_units,negative,"Die Analysen liefern keine konkreten Informationen zu den Klassifizierungsmerkmalen. Es gibt keine Hinweise auf eine positive oder negative Einstellung zur FFPV. Daher ist es schwierig, eine klare Haltung zu bestimmen.",N/A,N/A,N/A,N/A,N/A
54,DEF_AU0047,Elmshorn-Land,4_administrative_units,negative,Die Analysen liefern keine positiven Informationen zur Einstellung des Ortes gegenüber FFPV. Das Fehlen eines Klimaschutzmanagers deutet auf eine eher negative Haltung hin. Es gibt keine Hinweise auf eine positive Auseinandersetzung mit dem Thema.,N/A,N/A,no,N/A,N/A
55,DE8_AU0045,Güstrow-Land,4_administrative_units,potentially positive,"Die Analyse zeigt, dass ein Kriterienkatalog für FFPV vorhanden ist, was auf eine positive Einstellung hinweist. Da keine weiteren Informationen vorliegen, ist es schwierig, eine eindeutigere Bewertung abzugeben. Die Existenz eines Kriterienkatalogs allein ist jedoch ein starkes positives Signal.",yes,N/A,N/A,N/A,N/A
56,DE2_AU0750,Simmelsdorf,4_administrative_units,negative,"Die Analysen liefern keine Informationen zu den meisten Klassifizierungsmerkmalen. Das einzige verfügbare Merkmal, CF3, deutet auf eine negative Einstellung hin, da kein Klimaschutzmanager vorhanden ist. Dies lässt darauf schließen, dass die Kommune keine speziellen Mittel für Klimaschutz und FFPV bereitstellt.",N/A,N/A,no,N/A,N/A
57,DEA54,"Hamm, Kreisfreie Stadt",3_counties,negative,"Die Analysen liefern keine konkreten positiven Hinweise auf eine positive Einstellung des Ortes zu FFPV. Das Fehlen eines Klimaschutzmanagers deutet darauf hin, dass die Kommune möglicherweise nicht aktiv in Klimaschutz oder FFPV-Projekte investiert.",N/A,N/A,no,N/A,N/A
58,DEF_AU0066,Rantzau,4_administrative_units,negative,"Da alle Klassifizierungsmerkmale mit 'N/A' bewertet wurden, liegen keine ausreichenden Informationen vor, um eine positive Einstellung zur FFPV zu belegen. Dies führt zu einer negativen Klassifizierung.",N/A,N/A,N/A,N/A,N/A
59,DED_AU0021,Bad Elster,4_administrative_units,negative,"Da alle Klassifizierungsmerkmale mit 'N/A' bewertet wurden, liegen keine ausreichenden Informationen vor, um eine positive Einstellung zur FFPV zu belegen. Dies führt zu einer negativen Einstufung.",N/A,N/A,N/A,N/A,N/A
60,DE928,Schaumburg,3_counties,negative,"Die Analysen liefern sehr begrenzte Informationen über die Einstellung des Ortes zu FFPV. Es gibt nur eine unklare Angabe bezüglich des Kriterienkatalogs FFPV, während alle anderen Klassifizierungsmerkmale nicht anwendbar sind. Dies deutet darauf hin, dass es möglicherweise eine Auseinandersetzung mit dem Thema gibt, jedoch nicht genug Informationen vorhanden sind, um eine positive Einstellung klar zu identifizieren.",not clear,N/A,N/A,N/A,N/A
61,DE139,Lörrach,3_counties,very positive,"Die Analysen deuten darauf hin, dass der Landkreis Lörrach eine positive Einstellung gegenüber FFPV hat. Die Anstellung eines Klimaschutzmanagers und positive Aussagen zum Klimaschutzkonzept, einschließlich der Erwähnung von Freiflächen-PV, zeigen ein aktives Engagement in diesem Bereich.",N/A,N/A,yes,N/A,"Positive statements like ""Der Landkreis Lörrach überarbeitet sein Klimaschutzkonzept, um die Ziele im Klimaschutz zu erreichen"" and ""Das Konzept umfasst den Ausbau von Windenergie und Freiflächen-PV als wichtige Maßnahmen zur CO2-Reduktion"" indicate that the community is actively engaging with climate protection and renewable energy projects, including FFPV."
62,DE245,"Bamberg, Landkreis",3_counties,very positive,"Die Analysen zeigen, dass die Kommune einen Kriterienkatalog für FFPV veröffentlicht hat, Regelungen zu FFPV im Flächennutzungsplan enthält und einen Klimaschutzmanager beschäftigt. Zudem gibt es positive Aussagen zur Zusammenarbeit in Bamberg, die eine positive Haltung zum Klimaschutz anzeigen. Diese Faktoren deuten auf eine sehr positive Einstellung der Kommune zu FFPV hin.",yes,yes,yes,N/A,Positive statements about collaboration in Bamberg indicate a positive stance towards climate protection.
63,DEA47,Paderborn,3_counties,negative,"Da alle Klassifizierungsmerkmale mit 'N/A' bewertet wurden, liegen keine Informationen vor, die auf eine positive oder negative Einstellung des Ortes zu FFPV schließen lassen. Dies führt zu einer Einstufung als 'negative', da ohne positive Informationen eine positive Einstellung nicht angenommen werden kann.",N/A,N/A,N/A,N/A,N/A
64,DE236,Neumarkt i. d. OPf.,3_counties,negative,"Die Analysen liefern keine klaren Informationen zu den Kriterienkatalogen oder Flächennutzungsplänen für FFPV, und es gibt keine Angaben zu Klimaschutzmanagern, Projekten oder Statements. Dies lässt darauf schließen, dass es zu wenig positive Informationen gibt, um eine positive Einstellung zur FFPV zu bestätigen.",not clear,not clear,N/A,N/A,N/A
65,DEG0E,Hildburghausen,3_counties,negative,"Da alle Klassifizierungsmerkmale mit 'N/A' bewertet wurden, liegen keine ausreichenden Informationen vor, um eine positive Einstellung gegenüber FFPV zu belegen. Dies führt zu einer negativen Einstufung.",N/A,N/A,N/A,N/A,N/A
66,DE246,"Bayreuth, Landkreis",3_counties,very positive,"Die Analysen zeigen, dass ein Kriterienkatalog für FFPV vorhanden ist, ein Flächennutzungsplan FFPV existiert und positive Statements zu FFPV oder Klimaschutz veröffentlicht wurden. Diese Faktoren deuten auf eine sehr positive Einstellung des Ortes gegenüber FFPV hin. Die zweite Analyse liefert keine zusätzlichen Informationen, aber die vorhandenen Daten aus der ersten Analyse sind ausreichend, um eine sehr positive Haltung zu bestätigen.",yes,yes,N/A,N/A,yes
67,DE942,"Emden, Kreisfreie Stadt",3_counties,negative,"Da alle Klassifizierungsmerkmale mit 'N/A' bewertet wurden, liegen keine Informationen vor, die auf eine positive oder negative Einstellung des Ortes zu FFPV schließen lassen. Daher muss die Einstellung als negativ klassifiziert werden, da keine positiven Informationen vorhanden sind.",N/A,N/A,N/A,N/A,N/A
68,DE21D,Garmisch-Partenkirchen,3_counties,negative,"Da alle Klassifizierungsmerkmale mit 'N/A' bewertet wurden, gibt es keine ausreichenden Informationen, um eine positive Einstellung gegenüber FFPV zu belegen. Dies führt zu einer negativen Einstufung.",N/A,N/A,N/A,N/A,N/A
69,DE11A,Schwäbisch Hall,3_counties,negative,"Da alle Klassifizierungsmerkmale mit 'N/A' bewertet wurden, liegen keine ausreichenden Informationen vor, um eine positive Einstellung zur FFPV zu belegen. Dies führt zu einer Einstufung als 'negativ'.",N/A,N/A,N/A,N/A,N/A
70,DEE0E,Wittenberg,3_counties,negative,"Da alle Klassifizierungsmerkmale mit 'N/A' bewertet wurden, gibt es keine klaren Hinweise auf eine positive oder negative Einstellung des Ortes zu FFPV. Dies führt zu einer Klassifizierung als 'negative'.",N/A,N/A,N/A,N/A,N/A
71,DE271,"Augsburg, Kreisfreie Stadt",3_counties,negative,"Da alle Klassifizierungsmerkmale mit 'N/A' bewertet wurden, gibt es keine klaren Hinweise auf eine positive oder negative Einstellung des Ortes zu FFPV. Dies führt zu einer Klassifizierung als 'negative', da ohne positive Informationen eine positive Einstellung nicht angenommen werden kann.",N/A,N/A,N/A,N/A,N/A
72,DEA1F,Wesel,3_counties,negative,"Da alle Klassifizierungsmerkmale mit 'N/A' bewertet wurden, gibt es keine klaren Hinweise auf eine positive oder negative Einstellung des Ortes zu FFPV. Dies führt zu einer Klassifizierung als 'negative', da ohne positive Informationen eine positive Einstellung nicht angenommen werden kann.",N/A,N/A,N/A,N/A,N/A
73,DE226,Kelheim,3_counties,potentially positive,"Die Analyse zeigt, dass die Kommune einen Klimaschutzmanager beschäftigt, was auf eine positive Haltung zu FFPV hinweist. Da jedoch keine weiteren Informationen zu Kriterienkatalogen, Flächennutzungsplänen, Projekten oder Statements vorliegen, ist die Einstellung nicht eindeutig positiv zu bewerten. Es deutet auf eine potenziell positive Einstellung hin, aber es fehlen konkrete Beweise für eine sehr positive Haltung.",N/A,N/A,yes,N/A,N/A
74,DE277,Dillingen a.d. Donau,3_counties,potentially positive,"Die Analyse zeigt, dass ein Kriterienkatalog für FFPV vorhanden ist, was auf eine positive Einstellung hinweist. Da keine weiteren Informationen vorliegen, ist es schwierig, eine eindeutige Haltung zu bestimmen. Die Existenz eines Kriterienkatalogs allein ist jedoch ein starkes Indiz für eine positive Einstellung.",yes,N/A,N/A,N/A,N/A
75,DE148,Ravensburg,3_counties,potentially positive,"Die Analysen deuten darauf hin, dass die Einstellung des Ortes gegenüber FFPV potenziell positiv ist. Es gibt Hinweise auf eine Auseinandersetzung mit dem Thema durch die Existenz von Projekten und Statements zu FFPV sowie einen Kriterienkatalog, obwohl die Informationen zu Flächennutzungsplänen nicht eindeutig sind. Die Kombination dieser Faktoren lässt auf eine gewisse Offenheit gegenüber FFPV schließen, auch wenn nicht alle Indikatoren klar positiv sind.",yes,not clear,N/A,yes,yes
76,DE949,Emsland,3_counties,potentially positive,"Die Analysen deuten auf eine positive Einstellung hin, da sowohl ein Kriterienkatalog für FFPV als auch ein Klimaschutzmanager vorhanden sind. Die Unklarheit bei CF2 und das Fehlen von Informationen zu CF4 und CF5 verhindern jedoch eine eindeutige Klassifizierung als 'sehr positiv'.",yes,not clear,yes,N/A,N/A
77,DE22B,Straubing-Bogen,3_counties,negative,"Da alle Klassifizierungsmerkmale mit 'N/A' bewertet wurden, gibt es keine klaren Hinweise auf eine positive oder negative Einstellung des Ortes zu FFPV. Dies deutet darauf hin, dass keine spezifischen Maßnahmen oder Projekte im Zusammenhang mit FFPV identifiziert wurden, was auf eine mangelnde Auseinandersetzung mit dem Thema schließen lässt.",N/A,N/A,N/A,N/A,N/A
78,DEA43,Herford,3_counties,negative,"Da alle Klassifizierungsmerkmale mit 'N/A' bewertet wurden, liegen keine ausreichenden Informationen vor, um eine positive Einstellung zur FFPV zu belegen. Dies führt zur Klassifizierung als 'negative'.",N/A,N/A,N/A,N/A,N/A
79,DE925,Hildesheim,3_counties,potentially positive,"Die Analysen liefern keine klaren Informationen zu den meisten Klassifizierungsmerkmalen, außer für CF5, wo positive Aussagen zu FFPV oder Klimaschutz erwähnt werden. Dies deutet auf eine gewisse Auseinandersetzung mit dem Thema hin, jedoch sind die Informationen insgesamt zu spärlich, um eine eindeutig positive Haltung zu bestätigen. Daher würde ich die Einstellung als 'potentially positive' klassifizieren.",N/A,N/A,N/A,N/A,Positive statements like... bla bla bla.
80,DEE01,"Dessau-Roßlau, Kreisfreie Stadt",3_counties,negative,"Da alle Klassifizierungsmerkmale mit 'N/A' bewertet wurden, gibt es keine klaren Hinweise auf eine positive Einstellung des Ortes zu FFPV. Dies deutet auf eine negative Haltung hin, da keine positiven Informationen vorliegen.",N/A,N/A,N/A,N/A,N/A
81,DEG0G,Weimarer Land,3_counties,negative,Die Analysen liefern keine positiven Informationen zur Einstellung des Ortes gegenüber FFPV. Das Fehlen eines Klimaschutzmanagers deutet auf eine eher negative Haltung hin. Es gibt keine Hinweise auf eine aktive Auseinandersetzung mit dem Thema.,N/A,N/A,no,N/A,N/A
82,DE123,"Karlsruhe, Landkreis",3_counties,very positive,"Die Analysen zeigen, dass ein Kriterienkatalog für FFPV vorhanden ist und positive Statements zu FFPV oder Klimaschutz gemacht wurden. Dies deutet auf eine positive Einstellung hin, auch wenn keine weiteren Informationen zu Flächennutzungsplänen, Klimaschutzmanagern oder spezifischen Projekten vorliegen. Die vorhandenen Indikatoren sind jedoch sehr positiv zu werten.",yes,N/A,N/A,N/A,yes
83,DE111,"Stuttgart, Stadtkreis",3_counties,negative,"Da alle Klassifizierungsmerkmale mit 'N/A' bewertet wurden, liegen keine ausreichenden Informationen vor, um eine positive Einstellung zur FFPV zu belegen. Dies führt zu einer negativen Einstufung.",N/A,N/A,N/A,N/A,N/A
84,DEG03,"Jena, Kreisfreie Stadt",3_counties,potentially positive,"Die Analyse zeigt, dass die Kommune einen Klimaschutzmanager beschäftigt, was auf eine positive Haltung zu FFPV hinweist. Da keine weiteren Informationen zu Kriterienkatalogen, Flächennutzungsplänen, Projekten oder Statements vorliegen, ist die Einstellung jedoch nicht eindeutig positiv zu bewerten. Es deutet auf eine potenziell positive Einstellung hin.",N/A,N/A,yes,N/A,N/A
85,DEB3D,Donnersbergkreis,3_counties,potentially positive,"Die Analyse zeigt, dass die Einstellung des Ortes gegenüber FFPV potenziell positiv ist. Die Anstellung eines Klimaschutzmanagers deutet darauf hin, dass die Kommune ein Interesse an Klimaschutz und möglicherweise an FFPV hat, auch wenn keine weiteren Informationen zu Kriterienkatalogen, Flächennutzungsplänen, Projekten oder Statements vorliegen.",N/A,N/A,yes,N/A,N/A
86,DEG0L,Greiz,3_counties,negative,"Die Analysen liefern zu wenige Informationen, um eine positive Einstellung zur FFPV zu bestätigen. Die Tatsache, dass der Klimaschutzmanager als 'nicht klar' eingestuft wurde, deutet darauf hin, dass möglicherweise eine Auseinandersetzung mit dem Thema stattfindet, jedoch nicht ausreichend, um eine positive Haltung zu beweisen. Insgesamt sind die Informationen zu spärlich, um eine positive Einstellung zu FFPV zu untermauern.",N/A,N/A,not clear,N/A,N/A
87,DE261,"Aschaffenburg, Kreisfreie Stadt",3_counties,negative,"Da alle Klassifizierungsmerkmale mit 'N/A' bewertet wurden, liegen keine Informationen vor, die auf eine positive oder negative Einstellung des Ortes zu FFPV schließen lassen. Daher muss die Einstellung als negativ klassifiziert werden, da zu wenige positive Informationen vorhanden sind.",N/A,N/A,N/A,N/A,N/A
88,DE253,"Fürth, Kreisfreie Stadt",3_counties,negative,"Da alle Klassifizierungsmerkmale mit 'N/A' bewertet wurden, gibt es keine klaren Hinweise auf eine positive Einstellung des Ortes zu FFPV. Dies deutet darauf hin, dass es zu wenige positive Informationen gibt, um eine positive Haltung zu FFPV zu bestätigen.",N/A,N/A,N/A,N/A,N/A
89,DEG0K,Saale-Orla-Kreis,3_counties,negative,"Da alle Klassifizierungsmerkmale mit 'N/A' bewertet wurden, gibt es keine klaren Hinweise auf eine positive oder negative Einstellung des Ortes zu FFPV. Dies deutet darauf hin, dass es möglicherweise zu wenig positive Informationen gibt, um eine positive Einstellung zu belegen.",N/A,N/A,N/A,N/A,N/A
90,DE_01051129,Wesselburenerkoog,5_local_administrative_units,negative,"Da alle Klassifizierungsmerkmale mit 'N/A' bewertet wurden, liegen keine ausreichenden Informationen vor, um eine positive Einstellung zur FFPV zu belegen. Dies führt zu einer negativen Einstufung.",N/A,N/A,N/A,N/A,N/A
91,DE_08128115,"Tauberbischofsheim, Stadt",5_local_administrative_units,negative,"Da alle Klassifizierungsmerkmale mit 'N/A' bewertet wurden, gibt es keine klaren Hinweise auf eine positive oder negative Einstellung des Ortes zu FFPV. Dies deutet darauf hin, dass es möglicherweise zu wenig positive Informationen gibt, um eine positive Einstellung zu bestätigen.",N/A,N/A,N/A,N/A,N/A
92,DE_07231042,Gräfendhron,5_local_administrative_units,negative,"Da alle Klassifizierungsmerkmale mit 'N/A' bewertet wurden, gibt es keine klaren Hinweise auf eine positive Einstellung des Ortes zu FFPV. Dies deutet darauf hin, dass es zu wenige positive Informationen gibt, um eine positive Haltung zu FFPV zu bestätigen.",N/A,N/A,N/A,N/A,N/A
93,DE_07231068,Kinheim,5_local_administrative_units,negative,"Die Analysen liefern sehr wenige Informationen über die Einstellung des Ortes zu FFPV. Das einzige klare Signal ist das Fehlen eines Klimaschutzmanagers, was auf eine möglicherweise negative Haltung hinweist. Ohne weitere positive Indikatoren muss die Einstellung als negativ klassifiziert werden.",N/A,N/A,no,N/A,N/A
94,DE_09776112,Gestratz,5_local_administrative_units,negative,"Da alle Klassifizierungsmerkmale mit 'N/A' bewertet wurden, liegen keine ausreichenden Informationen vor, um eine positive Einstellung gegenüber FFPV zu belegen. Dies führt zu einer negativen Einstufung.",N/A,N/A,N/A,N/A,N/A
95,DE_03453007,"Friesoythe, Stadt",5_local_administrative_units,potentially positive,"Die Stadt Friesoythe zeigt durch die Veröffentlichung eines Kriterienkatalogs für FFPV und positive Aussagen zum Klimaschutz eine positive Einstellung gegenüber FFPV. Obwohl Informationen zu Flächennutzungsplänen, Klimaschutzmanagern und spezifischen Projekten fehlen, deuten die vorhandenen Informationen auf eine grundsätzlich positive Haltung hin.",yes,N/A,N/A,N/A,Positive statements like... the city of Friesoythe's engagement in climate protection indicates a positive attitude towards FFPV and climate protection initiatives.
96,DE_07338004,Bobenheim-Roxheim,5_local_administrative_units,potentially positive,"Die erste Analyse liefert keine Informationen, die auf eine Einstellung hinweisen. Die zweite Analyse zeigt, dass ein Kriterienkatalog für FFPV vorhanden ist und ein Klimaschutzmanager beschäftigt wird, was auf eine positive Einstellung hindeutet. Es fehlen jedoch weitere Informationen, um eine eindeutig sehr positive Einstellung zu bestätigen.",N/A,N/A,N/A,N/A,N/A
97,DE_09374168,"Windischeschenbach, St",5_local_administrative_units,negative,"Da alle Klassifizierungsmerkmale mit 'N/A' bewertet wurden, liegen keine ausreichenden Informationen vor, um eine positive Einstellung zur FFPV zu belegen. Daher muss die Einstellung als negativ klassifiziert werden.",N/A,N/A,N/A,N/A,N/A
98,DE_09183135,Obertaufkirchen,5_local_administrative_units,potentially positive,"Die Analyse zeigt, dass ein Kriterienkatalog für FFPV vorhanden ist, was sehr positiv zu werten ist. Die Situation bezüglich des Flächennutzungsplans ist unklar, und es gibt keine Informationen zu Klimaschutzmanagern oder vergangenen bzw. laufenden Projekten. Positive Aussagen zu FFPV oder Klimaschutz sind vorhanden, was auf eine Auseinandersetzung mit dem Thema hindeutet.",yes,not clear,N/A,N/A,Positive statements like...
99,DE_16076049,"Münchenbernsdorf, Stadt",5_local_administrative_units,negative,Die Analysen liefern keine positiven Informationen zur Einstellung des Ortes gegenüber FFPV. Das Fehlen eines Klimaschutzmanagers deutet auf eine eher negative Haltung hin. Es gibt keine Hinweise auf eine aktive Auseinandersetzung mit dem Thema.,N/A,N/A,no,N/A,N/A
100,DE_05974012,Ense,5_local_administrative_units,potentially positive,"Die Analysen deuten darauf hin, dass der Ort eine positive Einstellung zu FFPV hat. Die Existenz eines Kriterienkatalogs und eines Flächennutzungsplans für FFPV zeigt, dass sich die Kommune aktiv mit dem Thema auseinandersetzt und Planungssicherheit für Projektentwickler schafft. Die Unklarheit bei den vergangenen und laufenden Projekten zu FFPV schwächt diese positive Einschätzung jedoch leicht ab.",yes,yes,N/A,not clear,N/A
101,DE_06436005,"Hattersheim am Main, Stadt",5_local_administrative_units,negative,"Da alle Klassifizierungsmerkmale mit 'N/A' bewertet wurden, liegen keine ausreichenden Informationen vor, um eine positive Einstellung zur FFPV zu belegen. Dies führt zu einer Einstufung als 'negativ'.",N/A,N/A,N/A,N/A,N/A
102,DE_07137034,Hausten,5_local_administrative_units,negative,"Da alle Klassifizierungsmerkmale mit 'N/A' bewertet wurden, gibt es keine klaren Hinweise auf eine positive oder negative Einstellung des Ortes zu FFPV. Dies deutet darauf hin, dass es möglicherweise zu wenig Informationen gibt, um eine fundierte Einschätzung vorzunehmen.",N/A,N/A,N/A,N/A,N/A
103,DE_09188126,Inning a.Ammersee,5_local_administrative_units,potentially positive,"Die Analyse zeigt, dass ein Kriterienkatalog für FFPV vorhanden ist, was auf eine positive Einstellung hinweist. Da keine weiteren Informationen vorliegen, ist es schwierig, eine eindeutige Haltung zu bestimmen. Die Existenz eines Kriterienkatalogs allein ist jedoch ein starkes Indiz für eine positive Einstellung.",yes,N/A,N/A,N/A,N/A
104,DE_09575119,Dietersheim,5_local_administrative_units,negative,"Da alle Klassifizierungsmerkmale mit 'N/A' bewertet wurden, liegen keine Informationen vor, die auf eine positive oder negative Einstellung des Ortes zu FFPV schließen lassen. Daher muss die Einstellung als negativ klassifiziert werden, da zu wenige positive Informationen vorhanden sind.",N/A,N/A,N/A,N/A,N/A
105,DE_12070296,"Perleberg, Stadt",5_local_administrative_units,negative,"Die Analysen liefern sehr wenige Informationen über die Einstellung des Ortes zu FFPV. Die einzige klare Information ist, dass kein Klimaschutzmanager vorhanden ist, was auf eine eher negative Haltung hinweist. Alle anderen Klassifizierungsmerkmale sind entweder nicht anwendbar oder nicht klar.",N/A,N/A,no,N/A,N/A
106,DE_09672111,Aura a.d.Saale,5_local_administrative_units,negative,Die Analysen liefern keine positiven Informationen zur Einstellung des Ortes gegenüber FFPV. Das Fehlen eines Klimaschutzmanagers deutet auf eine eher negative Haltung hin. Es gibt keine Hinweise auf eine positive Auseinandersetzung mit dem Thema.,N/A,N/A,no,N/A,N/A
107,DE_12067237,Jacobsdorf,5_local_administrative_units,negative,Die Analysen liefern keine positiven Informationen zur Einstellung des Ortes gegenüber FFPV. Das Fehlen eines Klimaschutzmanagers deutet auf eine eher negative Haltung hin. Es gibt keine Hinweise auf eine aktive Auseinandersetzung mit dem Thema FFPV.,N/A,N/A,no,N/A,N/A
108,DE_09477142,Neudrossenfeld,5_local_administrative_units,negative,"Da alle Klassifizierungsmerkmale mit 'N/A' bewertet wurden, liegen keine ausreichenden Informationen vor, um eine positive Einstellung zur FFPV zu belegen. Daher muss die Einstellung des Ortes zur FFPV als negativ klassifiziert werden.",N/A,N/A,N/A,N/A,N/A
109,DE_16076093,Mohlsdorf-Teichwolframsdorf,5_local_administrative_units,potentially positive,"Die Analyse zeigt, dass ein Kriterienkatalog für FFPV vorhanden ist, was auf eine positive Einstellung hinweist. Da keine weiteren Informationen vorliegen, ist es schwierig, eine eindeutige Haltung zu bestimmen. Die Existenz eines Kriterienkatalogs allein ist jedoch ein positives Zeichen.",yes,N/A,N/A,N/A,N/A
110,DE_07332019,"Freinsheim, Stadt",5_local_administrative_units,negative,"Da alle Klassifizierungsmerkmale mit 'N/A' bewertet wurden, gibt es keine klaren Hinweise auf eine positive oder negative Einstellung des Ortes zu FFPV. Dies führt zu einer Einstufung als 'negative'.",N/A,N/A,N/A,N/A,N/A
111,DE_09371126,"Hahnbach, M",5_local_administrative_units,negative,"Da alle Klassifizierungsmerkmale mit 'N/A' bewertet wurden, liegen keine ausreichenden Informationen vor, um eine positive Einstellung zur FFPV zu belegen. Daher muss die Einstellung des Ortes zur FFPV als negativ klassifiziert werden.",N/A,N/A,N/A,N/A,N/A
112,DE_07132049,Hemmelzen,5_local_administrative_units,potentially positive,"Die Analysen liefern keine spezifischen Informationen zu den ersten vier Klassifizierungsmerkmalen, aber es gibt positive Aussagen zu Klimaschutzinitiativen in den Gemeinden. Dies deutet auf eine potenziell positive Einstellung hin, obwohl konkrete Projekte oder Regelungen zu FFPV nicht erwähnt werden.",N/A,N/A,N/A,N/A,Positive statements like... the search was successful in identifying positive indicators of climate protection initiatives in the municipalities.
113,DE_01061027,Engelbrechtsche Wildnis,5_local_administrative_units,negative,"Die Analysen liefern sehr wenige Informationen über die Einstellung des Ortes zu FFPV. Das einzige klare Signal ist das Fehlen eines Klimaschutzmanagers, was auf eine möglicherweise negative Haltung hinweist. Da keine weiteren positiven Informationen vorliegen, ist es schwierig, eine positive Einstellung zu bestätigen.",N/A,N/A,no,N/A,N/A
114,DE_03457003,Brinkum,5_local_administrative_units,potentially positive,"Die Analyse zeigt, dass ein Kriterienkatalog für FFPV vorhanden ist, was auf eine positive Einstellung hinweist. Da keine weiteren Informationen vorliegen, ist es schwierig, eine eindeutige Haltung zu bestimmen. Die Existenz eines Kriterienkatalogs allein ist jedoch ein starkes Indiz für eine positive Einstellung.",yes,N/A,N/A,N/A,N/A
115,DE_05958008,Bestwig,5_local_administrative_units,negative,"Da alle Klassifizierungsmerkmale mit 'N/A' bewertet wurden, gibt es keine klaren Hinweise auf eine positive oder negative Einstellung des Ortes zu FFPV. Dies führt zu einer Einstufung als 'negative'.",N/A,N/A,N/A,N/A,N/A
116,DE_07232315,Strickscheid,5_local_administrative_units,negative,"Da alle Klassifizierungsmerkmale mit 'N/A' bewertet wurden, gibt es keine klaren Hinweise auf eine positive Einstellung des Ortes zu FFPV. Dies deutet darauf hin, dass der Ort möglicherweise nicht aktiv FFPV-Projekte fördert oder sich mit dem Thema auseinandersetzt.",N/A,N/A,N/A,N/A,N/A
117,DE_07331061,Spiesheim,5_local_administrative_units,negative,"Da alle Klassifizierungsmerkmale mit 'N/A' bewertet wurden, gibt es keine klaren Hinweise auf eine positive oder negative Einstellung des Ortes zu FFPV. Dies führt zu einer Einstufung als 'negative'.",N/A,N/A,N/A,N/A,N/A
118,DE_15084246,Kaiserpfalz,5_local_administrative_units,potentially positive,"Beide Analysen zeigen, dass ein Kriterienkatalog für FFPV vorhanden ist, was auf eine positive Einstellung hinweist. Die Unklarheit bezüglich des Flächennutzungsplans lässt jedoch Zweifel an der vollständigen Unterstützung für FFPV. Da keine weiteren Informationen vorliegen, ist die Einstellung als potenziell positiv zu klassifizieren.",yes,not clear,N/A,N/A,N/A
119,DE_07232213,Daleiden,5_local_administrative_units,negative,"Die Analysen liefern sehr begrenzte Informationen über die Einstellung des Ortes zu FFPV. Das Fehlen eines Klimaschutzmanagers deutet auf eine eher negative Haltung hin, da dies zeigt, dass die Kommune keine speziellen Mittel für die Förderung von FFPV oder Klimaschutz bereitstellt. Alle anderen Klassifizierungsmerkmale sind nicht anwendbar, was darauf hindeutet, dass es wenig bis keine aktive Auseinandersetzung mit dem Thema gibt.",N/A,N/A,no,N/A,N/A
120,DE_03457018,Rhauderfehn,5_local_administrative_units,potentially positive,"Die Analyse zeigt, dass die Einstellung des Ortes zu FFPV potenziell positiv ist, da ein Klimaschutzmanager vorhanden ist, was auf eine positive Haltung zu FFPV hinweist. Es fehlen jedoch weitere positive Indikatoren wie ein Kriterienkatalog, Flächennutzungspläne oder konkrete Projekte und Statements zu FFPV, um eine eindeutig sehr positive Einstellung zu bestätigen.",N/A,N/A,yes,N/A,N/A
121,DE_03352004,Belum,5_local_administrative_units,potentially positive,"Die Analyse zeigt, dass ein Kriterienkatalog für FFPV vorhanden ist, was auf eine positive Einstellung hinweist. Da keine weiteren Informationen vorliegen, ist es schwierig, eine eindeutige Haltung zu bestimmen. Die Existenz eines Kriterienkatalogs allein ist jedoch ein starkes positives Signal.",yes,N/A,N/A,N/A,N/A
122,DE_16077007,Gerstenberg,5_local_administrative_units,negative,"Da alle Klassifizierungsmerkmale mit 'N/A' bewertet wurden, gibt es keine klaren Hinweise auf eine positive oder negative Einstellung des Ortes zu FFPV. Dies deutet darauf hin, dass es zu wenige positive Informationen gibt, um eine positive Einstellung zu bestätigen.",N/A,N/A,N/A,N/A,N/A
